{"cameraMode":{"drawMode":0,"name":"Shaded","section":"Shading Mode"},"sceneLighting":false,"audioPlay":false,"sceneViewState":{"showFog":true,"showMaterialUpdate":false,"showSkybox":false,"showFlares":true,"showImageEffects":true,"showParticleSystems":true},"in2DMode":false,"pivot":{"x":0.7136609554290772,"y":-0.0141525249928236,"z":-3.892129898071289},"rotation":{"x":-0.43706533312797549,"y":0.33552640676498415,"z":-0.1799623966217041,"w":-0.8148725032806397},"size":0.08660251647233963,"orthographic":false}