{"cameraMode":{"drawMode":0,"name":"Shaded","section":"Shading Mode"},"sceneLighting":false,"audioPlay":false,"sceneViewState":{"showFog":true,"showMaterialUpdate":false,"showSkybox":false,"showFlares":true,"showImageEffects":true,"showParticleSystems":true},"in2DMode":false,"pivot":{"x":0.053203605115413669,"y":-3.417576313018799,"z":0.006644837092608213},"rotation":{"x":0.02824859879910946,"y":0.6634096503257752,"z":-0.7473253011703491,"w":0.025105763226747514},"size":3.7141427993774416,"orthographic":false}